Year,Month,TotalPrimaryEnergyConsumption,TotalPrimaryEnergyProduction,TotalPrimaryEnergyExports,TotalPrimaryEnergyImports,TotalPrimaryEnergyConsumedbytheIndustrialSector,TotalPrimaryEnergyConsumedbytheResidentialSector,PrimaryEnergyStockChange
1973,1,7223.87,5404.72,125.78,1173.08,2027.03,1339.27,771.858
1973,2,6592.37,5155.12,120.88,1168.01,1841.3,1174.9,390.129
1973,3,6521.44,5419.56,139.95,1309.47,1926.41,983.37,-67.64
1973,4,5941.73,5160.81,194.19,1085.17,1914.02,715.39,-110.067
1973,5,6071.94,5411.25,196.78,1162.8,2076.47,535.91,-305.335
1973,6,5802.68,5167.3,178.87,1129.61,1958.75,366.93,-315.356
1973,7,5951.91,5191.49,164.13,1216.25,2016.83,306.87,-291.695
1973,8,6191.66,5480.64,191.05,1297.85,2135.42,313.32,-395.78
1973,9,5773.52,5124.23,146.49,1226.15,2054.26,342.2,-430.371
1973,10,6174.86,5403.75,207.66,1315.77,2245.48,448.43,-337.003
1973,11,6519.03,5237.09,183.45,1321.81,2267.32,711.99,143.584
1973,12,6886.9,5374.45,183.86,1207.18,2224.34,987.46,489.137
1974,1,6904.04,5483.36,121.46,1083.24,1933.97,1235.95,458.905
1974,2,6314.3,5060.36,164.83,955.62,1868.86,1062.87,463.145
1974,3,6370.77,5402.7,132.22,1064.55,1919.32,912.14,35.739
1974,4,5861.07,5277.05,186.65,1156.48,1786.18,723.9,-385.81
1974,5,5864.49,5467.5,217.69,1280.71,1913.28,500.17,-666.03
1974,6,5642.25,5045.35,225.43,1211.57,1867.32,369.66,-389.243
1974,7,5985.35,5239.92,200.63,1280.33,1982.72,318.42,-334.259
1974,8,6015.5,5259.89,190.58,1260.4,2051.4,297.21,-314.204
1974,9,5711.2,5090.95,169.58,1154.42,2074.65,341.18,-364.592
1974,10,6182.02,5365,246.3,1232.62,2221.31,484.84,-169.305
1974,11,6235.55,4655.69,225.31,1305.09,2125.76,645.39,500.07
1974,12,6842.66,4960.55,122.69,1319.25,2016.98,1016.87,685.55
1975,1,7056.12,5277.9,162.77,1347.57,2079.63,1145.43,593.424
1975,2,6169,4890.06,171.42,1108.54,1644.88,1090.75,341.812
1975,3,6383.48,5230.96,199.52,1140.33,1767.04,997.79,211.704
1975,4,5797.91,5086.11,208.83,978.05,1466.5,865.72,-57.411
1975,5,5491.67,5217.41,234.23,1040.4,1547.58,526.08,-531.911
1975,6,5435.63,5105.72,215.49,1033.38,1612.57,368.3,-487.975
1975,7,5669.11,4964.14,172.33,1168.49,1723.03,318.57,-291.195
1975,8,5744.32,5061.96,203.02,1226.7,1775.06,303.8,-341.322
1975,9,5498.39,4987.11,168.85,1275.39,1818.89,342,-595.252
1975,10,5908.7,5230.15,168.08,1235.45,2015.62,443.56,-388.816
1975,11,5850.41,5001.05,238.84,1215.87,1912.42,582.29,-127.678
1975,12,6926.69,5230.9,179.88,1262.22,2037.12,1006.01,613.458
1976,1,7312.32,5194.14,133.92,1312.7,1952.49,1303.69,939.402
1976,2,6393.45,4971.44,130.29,1229.34,1674.43,1100.92,322.967
1976,3,6391.63,5335,148.22,1305.79,1725.48,895.89,-100.949
1976,4,5855.32,5061.3,203.01,1253.5,1668.05,674.09,-256.462
1976,5,5793.32,5169.89,193.53,1236.99,1786.43,522.58,-420.022
1976,6,5824.54,5161.09,222.27,1399.16,1758.4,403.69,-513.435
1976,7,6024.68,4930.76,183.5,1511.98,1869.79,333.04,-234.563
1976,8,5970.73,5088.44,164.32,1429.46,1881.6,305.67,-382.852
1976,9,5739.52,5078.88,197.79,1476.78,1872.18,336.31,-618.356
1976,10,6244.6,5161.78,200.41,1467.47,2160.84,484.2,-184.24
1976,11,6729.93,5076.94,214.59,1508.6,2086.87,827.67,358.976
1976,12,7658.48,5292.85,179.84,1628.28,2191.38,1204.08,917.189
1977,1,7852.45,4933.56,100.28,1710.23,2000.87,1488.04,1308.942
1977,2,6654.86,4767.68,127.52,1738.13,1585.72,1244.15,276.578
1977,3,6573.86,5479.66,136.54,1809.01,1847.7,869.11,-578.259
1977,4,5979.31,5162.44,195.65,1623.22,1736.78,630.34,-610.7
1977,5,5997.46,5301.08,210.99,1647.86,1872.16,462.08,-740.491
1977,6,6085.89,5213.37,209,1653.45,1907.84,365.12,-571.927
1977,7,6195.79,4989.06,195.24,1732.04,1874.02,318.04,-330.069
1977,8,6300.62,5188.43,165.72,1642.04,1974.49,311.16,-364.124
1977,9,6080.22,5342.56,192.81,1593.9,2016.48,330.42,-663.427
1977,10,6272.42,5416.72,186.16,1619.76,2107.34,470.3,-577.906
1977,11,6485.3,5401.08,171.2,1525.98,2072.35,647.25,-270.563
1977,12,7442.25,4777.72,160.79,1652.54,2127.71,1058.28,1172.78
1978,1,7721.49,4637.6,76.74,1609.27,2108.87,1232.31,1551.345
1978,2,7052.38,4306.8,56.8,1420.92,1751.22,1236.94,1381.459
1978,3,6965.5,5031.44,64.61,1646.15,1757.72,1038.13,352.515
1978,4,6169.93,5332.58,132.19,1466.54,1788.79,675.09,-497
1978,5,6337.99,5658.52,181.96,1479.37,1887.11,532.41,-617.937
1978,6,6149.9,5471.66,219.68,1512.57,1813.45,375.83,-614.643
1978,7,6340.19,5337.58,160.13,1600.65,1928.49,325.16,-437.914
1978,8,6496.08,5530.28,176.11,1601.53,1944.95,337.85,-459.619
1978,9,6087.55,5199.37,183.95,1682.19,1899.83,346.01,-610.06
1978,10,6425.24,5590.15,222.76,1616.6,2095.78,470.24,-558.751
1978,11,6685.47,5507.74,236.66,1666.01,2081.6,673.03,-251.623
1978,12,7474.49,5456.59,208.87,1804.37,2141.14,1017.61,422.408
1979,1,8092.21,5492.57,174.57,1769.28,2195.38,1264.67,1004.923
1979,2,7410.21,5080.82,159.28,1515.1,1833.44,1261.84,973.569
1979,3,7150.42,5675.08,241.05,1708.57,1921.05,949.67,7.815
1979,4,6287.42,5416.96,233.87,1503.24,1786.7,685.28,-398.909
1979,5,6346.64,5629.8,250.15,1587.87,1972.61,484.65,-620.881
1979,6,6143.07,5464.22,250.67,1581.38,1919.68,359.45,-651.859
1979,7,6276.54,5175.11,265.74,1669.41,1948.71,314.2,-302.246
1979,8,6493,5662.16,259.45,1674.78,2040.22,311.42,-584.493
1979,9,6052.91,5333.68,218.59,1522.75,1970.16,318.49,-584.935
1979,10,6543.22,5804.28,282.48,1694.04,2193.01,437.79,-672.622
1979,11,6679.04,5571.74,261.39,1551.63,2153.85,631.95,-182.937
1979,12,7337.63,5544.71,257.89,1681.78,2210.13,899.96,369.039
1980,1,7565.02,5808.1,225.59,1679.96,2146.79,1063.2,302.537
1980,2,7123.15,5439.16,208.65,1458.97,1876.84,1075.44,433.663
1980,3,7021.91,5835.66,262.48,1461.06,1945.22,926.4,-12.339
1980,4,6158.45,5591.6,285.79,1325.02,1726.17,640.92,-472.372
1980,5,6007.37,5728.86,343.3,1266.76,1792.6,460.47,-644.948
1980,6,5872.46,5530.7,358.75,1273.09,1709.85,356.14,-572.578
1980,7,6135.45,5388.05,322.02,1195.11,1694.54,296.38,-125.692
1980,8,6063.6,5477.22,311.89,1188.35,1703.87,277.25,-290.075
1980,9,5970.44,5434.37,329.06,1154.37,1842.97,300.26,-289.239
1980,10,6316.59,5632.1,369.31,1233.09,2038.17,434,-179.291
1980,11,6420.24,5467.15,341.19,1212.65,1975.23,644.36,81.628
1980,12,7363.8,5814.53,336.75,1347.8,2095.91,964.38,538.219
1981,1,7639.25,5657.95,260.91,1327.84,1945.13,1192.19,914.377
1981,2,6484.51,5376.11,276.66,1193.05,1576.28,1001.05,192.008
1981,3,6606.21,5888.42,369.18,1173.76,1809.26,796.79,-86.788
1981,4,5875.21,4800.95,324.14,1066.49,1631.37,535.41,331.906
1981,5,5939.55,4943.18,273.02,1112.56,1753.95,424.01,156.835
1981,6,5995.7,5402.97,245.4,1022.35,1668.5,316.95,-184.218
1981,7,6208.44,5752.97,392.64,1121.44,1734.77,281.74,-273.337
1981,8,6112.92,5928.36,419.54,1113.57,1764.17,276.11,-509.471
1981,9,5820.75,5740.06,410.86,1183.72,1768.18,286.68,-692.172
1981,10,6144.08,5897.76,465.5,1160.41,1890.96,452.93,-448.601
1981,11,6138.31,5623.84,439.77,1090.67,1784.71,598.64,-136.429
1981,12,7088.57,5896.68,429.62,1153.16,1941.16,881.81,468.348
1982,1,7448.17,5717.16,316.44,1066.43,1865.01,1165.95,981.013
1982,2,6471.25,5441.98,373.94,872.94,1498.05,1025.19,530.27
1982,3,6544.01,6064.06,440.05,892.76,1634.26,850.44,27.239
1982,4,6040.59,5628.96,425.02,838.66,1517.05,683.34,-2.017
1982,5,5602.38,5622.02,417.92,940.27,1470.77,417.49,-541.984
1982,6,5572.67,5545.07,414.8,992.31,1486.09,323.65,-549.912
1982,7,5835.85,5391.41,383.84,1133.26,1517.65,283.59,-304.981
1982,8,5818.63,5589.07,356.37,1016.79,1569.88,277.11,-430.863
1982,9,5549.27,5328.56,374.18,1017.6,1534.27,323.87,-422.708
1982,10,5726.51,5462,436.06,1041.53,1674.46,406.53,-340.962
1982,11,5978.94,5308.1,348.89,1100.77,1651.59,567.52,-81.028
1982,12,6458.45,5428.26,320.09,947.77,1579.65,822.37,402.519
1983,1,6907.5,5538.02,299.18,921.27,1617.49,1126.92,747.39
1983,2,6065.65,5054.39,262.16,710.56,1481.89,906.21,562.861
1983,3,6431.87,5498.96,316.06,761.37,1565.46,822.11,487.597
1983,4,5869.68,5239.94,310.2,908.76,1506.17,658.63,31.185
1983,5,5692.72,5313.16,343.61,985.75,1525.44,446.74,-262.568
1983,6,5677.99,5203.51,331.36,996.94,1483.51,324.79,-191.096
1983,7,5941.32,5155.91,271.26,1101.02,1510.72,280.86,-44.353
1983,8,6128.63,5524.66,346.76,1174.79,1547.97,280.23,-224.057
1983,9,5699.81,5295.72,322.92,1146.22,1530.45,281.54,-419.217
1983,10,5701.45,5454.59,323.61,1024.74,1549.43,357.35,-454.264
1983,11,5935.6,5354.62,277.96,996.58,1579.9,521.06,-137.634
1983,12,6863.36,5432.87,287.85,1023.81,1593.22,827.16,694.53
1984,1,7654.08,5862.23,244.74,1078.12,1879.64,1217.64,958.467
1984,2,6623.1,5613.8,217.41,1030.64,1691.96,944.75,196.071
1984,3,6858.67,5935.9,313.68,1026.37,1763.45,878.47,210.073
1984,4,6270.46,5642.43,324.79,1013.23,1704.83,680.17,-60.419
1984,5,6170.76,5940.7,363,1146.6,1700.73,479.53,-553.537
1984,6,6026.49,5668.69,364.92,1017.65,1609.12,337.59,-294.932
1984,7,6155.51,5778.72,324.44,1039.5,1633.01,298.47,-338.267
1984,8,6323.11,6086.22,357.83,973.13,1658.95,298.54,-378.398
1984,9,5761.18,5676.77,353.49,979.17,1578.05,312.72,-541.275
1984,10,5960.97,5548.53,293.86,1113.92,1658.82,376.91,-407.618
1984,11,6100.79,5389.2,268.97,1062.05,1595.34,556.19,-81.487
1984,12,6666.44,5656.41,359.02,990.34,1638.55,831.3,378.709
1985,1,7377.25,5808.4,303.3,904.82,1756.59,1061.43,967.338
1985,2,6880.26,5412.69,304.13,738.96,1619.15,1120.77,1032.745
1985,3,6577.55,5840.46,311.09,938.27,1627.91,816.54,109.915
1985,4,6106.13,5599.24,326.78,1009.28,1600.73,598.17,-175.61
1985,5,6005.35,5754.53,378.17,1120.08,1609.65,395.28,-491.088
1985,6,5880.48,5504.93,337.93,932.32,1543.72,327.17,-218.837
1985,7,6187.44,5519.41,324.7,962.1,1589.94,301.61,30.629
1985,8,6256.99,5702.84,416.56,924.13,1610.37,301.99,46.579
1985,9,5759,5494.75,362.6,937.63,1528.63,312.76,-310.781
1985,10,6026.25,5736.25,362.45,1003.53,1627.75,404.57,-351.075
1985,11,6059.12,5451.38,403.54,1145.92,1550.62,543.23,-134.645
1985,12,7219.11,5836.43,364.93,1163.54,1717.45,969.11,584.066
1986,1,7395.55,6012.4,317.88,1118.69,1797.33,1096.94,582.336
1986,2,6620.4,5460.02,285.11,850.97,1628.19,959.47,594.526
1986,3,6775.96,5850,305.32,918.26,1717.06,835.4,313.024
1986,4,6109.55,5526.78,376.29,1007.34,1591.41,564.73,-48.284
1986,5,6099.38,5588.41,362.5,1219.8,1613.26,423.51,-346.323
1986,6,6015.83,5396.75,313.47,1255.4,1531.85,315.69,-322.853
1986,7,6354.21,5429.05,336.62,1314.65,1492.62,294.35,-52.872
1986,8,6223.7,5547.29,372.57,1360.37,1529.35,294.8,-311.39
1986,9,5818.64,5370.61,345.79,1309.33,1479.29,302.02,-515.514
1986,10,6039.91,5633.73,348.58,1243.12,1541.61,390.98,-488.362
1986,11,6119.27,5453.74,329.66,1239.76,1489.32,564.3,-244.57
1986,12,7027.26,5761.48,327.69,1313.71,1618.27,865.61,279.762
1987,1,7472.33,5870.47,279,1262.43,1844.6,1034.09,618.435
1987,2,6729.07,5363.36,288.66,1075.84,1645.23,942.04,578.527
1987,3,6767.04,5764.02,309.29,1147.06,1619.77,830.04,165.247
1987,4,6313.87,5445.35,321.84,1122.68,1628.23,603.74,67.679
1987,5,6199.26,5487.33,298.09,1173.73,1587.15,403.21,-163.716
1987,6,6280.22,5484.37,317.27,1259.1,1606.03,313.5,-145.975
1987,7,6626.66,5429.71,304.89,1455.01,1654.98,297.01,46.828
1987,8,6514.56,5679.52,331.52,1443.13,1626.65,283.89,-276.581
1987,9,6123.88,5572.6,321.44,1345.79,1615.31,306.3,-473.074
1987,10,6362.77,5820.71,299.86,1386.3,1687.41,449.57,-544.376
1987,11,6342.06,5660.6,327.55,1360.88,1614.93,587.14,-351.87
1987,12,7277.38,5928.36,412.55,1366.27,1776.36,874.27,395.3
1988,1,7800.32,5918.82,284.98,1451.05,1759.98,1169.93,715.419
1988,2,7308.19,5646.93,272.7,1357.43,1731.54,1036.19,576.522
1988,3,7296.75,6021.13,347.04,1387.99,1841.65,863.14,234.659
1988,4,6449.81,5575.92,361.58,1381.02,1627.25,609.18,-145.559
1988,5,6390.84,5661.54,367.61,1461.14,1684.53,449.8,-364.226
1988,6,6507.74,5581.99,388.9,1382.77,1663.82,322.28,-68.124
1988,7,6746.03,5521.14,376.72,1442.95,1667,305.24,158.659
1988,8,6988.18,5951.3,402.5,1451.52,1770.99,300.47,-12.135
1988,9,6340.88,5637.78,393.35,1420.76,1703.08,310.42,-324.311
1988,10,6586.71,5739.24,378.12,1540.07,1800.36,449.25,-314.478
1988,11,6704.23,5753.55,357.23,1481.5,1740.55,626.23,-173.6
1988,12,7540.36,5880.23,435.71,1537.72,1820.93,915.55,558.122
1989,1,7638.75,5998.69,313.8,1627.41,1776.53,1049.03,326.454
1989,2,7229.61,5412.51,331.01,1434.03,1664.87,1011.18,714.072
1989,3,7541.18,6006.26,393.82,1479.82,1815.4,917.26,448.911
1989,4,6660.42,5590.87,397.38,1543.23,1683.24,630.58,-76.298
1989,5,6635.39,5863.27,412.07,1539.96,1690.46,452.35,-355.764
1989,6,6693.82,5650.62,436.45,1520.11,1698.65,339.73,-40.453
1989,7,6856.06,5512.6,319.51,1643.29,1680.96,307.04,19.681
1989,8,7028.18,6070.14,402.08,1678.37,1758.09,315.71,-318.252
1989,9,6480.98,5680.56,382.09,1536.46,1695.86,331.32,-353.947
1989,10,6790.63,5893.54,408.36,1637.01,1800.15,445.03,-331.554
1989,11,6940.3,5871.47,444.46,1595.7,1756.26,650.46,-82.413
1989,12,8245.46,5733.97,419.87,1530.92,1815.41,1122.78,1400.438
1990,1,7809.23,6273.82,344.04,1814.35,1826.56,1019.26,65.094
1990,2,7003.71,5694.48,312.47,1502.28,1643.06,852.32,119.414
1990,3,7305.26,6143.92,405.8,1575.62,1785.96,749.89,-8.481
1990,4,6767.83,5703.13,370.38,1512.24,1760.48,571.69,-77.158
1990,5,6746.03,5870.71,395.31,1735.66,1752.47,405.32,-465.019
1990,6,6756.04,5709,398.4,1669.25,1683.1,307.17,-223.801
1990,7,7032.23,5764.7,376.41,1780.53,1747.05,272.31,-136.588
1990,8,7279.16,6084.56,427.65,1698.82,1844.52,278.48,-76.565
1990,9,6613.36,5647.34,429.92,1429.79,1754.29,286.26,-33.839
1990,10,6807,6069.74,411.27,1380.13,1830.2,385.06,-231.607
1990,11,6771.69,5863.7,452.52,1382.1,1730.21,565.09,-21.59
1990,12,7542.28,5842.45,428.3,1336.49,1762.01,860.83,791.643
1991,1,8073.92,6211.23,390.71,1471.09,1866.52,1105.41,782.312
1991,2,6862.15,5647.31,459.21,1286.76,1577.64,871.43,387.292
1991,3,7139.16,6022.46,390.16,1377.14,1661.8,779.41,129.72
1991,4,6536.53,5658.38,321.81,1464.69,1615.47,544.55,-264.742
1991,5,6654.74,5793.78,480.04,1707.6,1628.13,382.78,-366.601
1991,6,6697.96,5642.07,414.05,1600.87,1634.46,292.13,-130.927
1991,7,7098.77,5827.92,448.33,1570.14,1720.78,274.46,149.042
1991,8,7112.44,6016.6,442.34,1725.88,1773.88,265.22,-187.715
1991,9,6657.67,5720.24,426.83,1536.5,1813.48,280.8,-172.234
1991,10,6858.58,6026.45,424.92,1533.75,1860.35,396.62,-276.703
1991,11,7006.25,5777.71,457.32,1527.84,1783.04,659.53,158.015
1991,12,7683.27,5976.9,485.26,1532.56,1831.7,895.25,659.082
1992,1,7983.36,6206.22,448.02,1590.41,1892.96,1042.79,634.758
1992,2,7243.26,5655.06,362.81,1356.39,1721.54,913.85,594.618
1992,3,7348.6,5866.84,407.69,1483.56,1813.59,789.91,405.894
1992,4,6841.7,5630.73,408.69,1621.02,1741.7,614.53,-1.359
1992,5,6698.11,5692.59,427.79,1620.48,1740.99,409.09,-187.164
1992,6,6715.21,5700.25,418.89,1588.68,1759.54,310.11,-154.83
1992,7,7159.82,5846.06,436.03,1740.16,1817.65,281.56,9.631
1992,8,7029.23,5873.67,361.51,1700.6,1822.01,268.04,-183.54
1992,9,6682.17,5700.78,411.92,1631.1,1771.29,303.66,-237.799
1992,10,6901.63,5920.8,377.68,1755.18,1883.49,416.93,-396.662
1992,11,7078.63,5754.73,421.61,1622.57,1842.78,635.29,122.935
1992,12,8044.43,6066.71,454.31,1662.05,1891.6,964.67,769.97
1993,1,7906.82,5992.86,389.73,1680.29,1810.7,1068.71,623.401
1993,2,7419.79,5433.77,356.37,1522.01,1744.93,995.48,820.386
1993,3,7811.62,5925.29,337.86,1739.27,1895.67,931.36,484.915
1993,4,6902.82,5590.42,334.44,1757.4,1733.71,632.35,-110.557
1993,5,6645.6,5618.4,368.66,1769.18,1666.89,387.15,-373.319
1993,6,6843.16,5662.57,395.98,1764.12,1712.03,309.46,-187.543
1993,7,7307.74,5529.21,366.06,1904.23,1766.86,277.09,240.358
1993,8,7333.22,5685.5,313.2,1775.18,1808.92,275.49,185.735
1993,9,6815.06,5573.83,330.49,1731.56,1819.19,291.18,-159.841
1993,10,6983.06,5703.15,336.81,1913.72,1937.2,400.7,-297.004
1993,11,7280.57,5669.72,313.29,1819.95,1895,638.64,104.186
1993,12,8017.69,5887.94,383.79,1841.42,1893.32,933.7,672.121
1994,1,8584.5,5865.75,301.02,1721.8,2005.81,1216.72,1297.963
1994,2,7742.17,5511.96,268.12,1629.59,1842.85,1073.82,868.748
1994,3,7663.46,6182.23,342.26,1813.83,1866.33,839.97,9.653
1994,4,6979.17,5775.21,290.98,1818.28,1797.15,554.18,-323.337
1994,5,6886.15,5811.3,315.41,1911.31,1756.21,398.73,-521.044
1994,6,7161.98,5806.1,364.9,1869.23,1782.7,288.89,-148.46
1994,7,7390.64,5818.98,323.21,2041.83,1831.69,256.99,-146.952
1994,8,7472.47,6145.61,354.26,1987.29,1872.66,261.63,-306.169
1994,9,6881.23,5815.58,357.83,1957.68,1857.27,269.66,-534.198
1994,10,7070.61,5846.36,352.53,1862.74,1934.65,380.84,-285.952
1994,11,7148.13,5928.77,355.63,1794.39,1847.62,572.48,-219.386
1994,12,8004,6175.2,409.14,1898.72,1939.4,863.66,339.224
1995,1,8220.88,6135.86,350.85,1737.49,1904.34,1048.85,698.373
1995,2,7595.77,5584.87,337.21,1633.29,1799.35,978.57,714.827
1995,3,7741.17,6116.99,371.3,1931.92,1878.41,799.45,63.568
1995,4,7105.6,5701.05,375.56,1760.34,1838.32,591.21,19.778
1995,5,7150.66,5913.11,381.3,1847.71,1853.3,408,-228.859
1995,6,7231.93,5861.46,385.81,1931.51,1830.37,291.24,-175.227
1995,7,7626.03,5936.47,351.45,1868.92,1882.12,255.48,172.089
1995,8,7917.37,6083.95,359.06,1917.88,1945.22,242.51,274.605
1995,9,7135.6,5851.34,362.92,1987.28,1912.5,265.66,-340.093
1995,10,7224.25,6001.3,390.45,1838.62,1942.99,366.67,-225.219
1995,11,7572.34,5934.59,384.03,1862.52,1906.54,683.07,159.267
1995,12,8410.37,6008.13,445.95,1862.15,1964.62,1004.27,986.032
1996,1,8776.63,6059.14,382.04,1988.27,2005.17,1204.23,1111.26
1996,2,8104.03,5796.69,367.86,1691.4,1854.93,1077.62,983.8
1996,3,8191.76,6189.33,350.85,1925.05,1989.79,932.85,428.224
1996,4,7361.87,5926.72,373.2,1915,1848.4,649.34,-106.645
1996,5,7463.08,6090.3,371.11,2104.39,1881.72,418.6,-360.497
1996,6,7446.03,5947.81,380.94,2003.97,1907.3,294.46,-124.808
1996,7,7757.82,6143.93,389.24,2059.83,1919.36,250.51,-56.693
1996,8,7869.46,6270.73,375.19,2087.84,1985.69,247.7,-113.921
1996,9,7147.23,5882.13,417.92,1880.21,1885.46,275.3,-197.201
1996,10,7617.37,6132.08,413.46,2063.82,2103.69,410.35,-165.079
1996,11,7795.7,5911.37,401.8,1909.38,1979.16,721.36,376.755
1996,12,8404.84,6084.94,388.94,2004.1,1982.49,982.86,704.737
1997,1,8823.7,6254.98,390.12,2069.05,2061.4,1169.19,889.795
1997,2,7787.03,5746.24,330.23,1825.33,1849.61,968.59,545.694
1997,3,7985.14,6192.93,366.35,2067.56,1962.84,802.63,90.999
1997,4,7523.07,5885.51,354.53,2043.6,1955.32,603.59,-51.508
1997,5,7476.44,6192.85,357.21,2231.24,1945.44,424.5,-590.444
1997,6,7465.95,5907.54,354.16,2152.5,1893.65,291.13,-239.929
1997,7,8090.95,6114.26,371.34,2096.2,1971.97,252.88,251.829
1997,8,7909.85,6107.49,434.82,2187.52,1980.19,245.3,49.651
1997,9,7412.82,5971.86,374.96,2133.6,1928.83,258.73,-317.664
1997,10,7677.18,6120.93,403.3,2248.32,2074.75,384.31,-288.775
1997,11,7749.81,5763.21,351.99,2058.56,1950.84,676.35,280.021
1997,12,8606.32,6162.25,404.38,2005.76,2046.21,954.11,842.69
1998,1,8607.43,6401.5,404.92,2162.74,2015.14,1033.18,448.116
1998,2,7644.97,5711.26,314.85,1911.6,1808.33,884.29,336.958
1998,3,8168.63,6281.76,357.57,2114.95,1940.61,844.36,129.496
1998,4,7510.1,6005.14,368.49,2239.64,1887.58,559.43,-366.189
1998,5,7574.49,6152.07,395.84,2294.97,1877.46,362.95,-476.702
1998,6,7714.75,6028.08,366.91,2206.58,1823.27,276.81,-153.003
1998,7,8276.43,6126.84,362.57,2425.22,1954.76,248.55,86.938
1998,8,8225.68,6128.65,328.79,2329.72,1991.59,236.96,96.105
1998,9,7615.07,5865.65,341.73,2139.95,1911.2,233.3,-48.794
1998,10,7608.85,6122.03,347.72,2273.75,1997.6,348.01,-439.212
1998,11,7505.88,5855.8,302.76,2198.83,1885.01,560.88,-245.998
1998,12,8468.99,6147.63,344.58,2174.58,2021.29,822.86,491.362
1999,1,8911.85,6149.93,291.15,2230.37,1942.51,1170.28,822.705
1999,2,7808.51,5743.73,239.29,2053.82,1749.24,913.02,250.248
1999,3,8369.5,6198.13,274.65,2269.66,1880.38,889.22,176.366
1999,4,7655.63,5773.11,342.86,2344.19,1844.73,579.64,-118.802
1999,5,7622.28,5890.5,291.12,2397.6,1829.81,369.83,-374.705
1999,6,7804.1,5939.67,309.18,2270.25,1853.54,279.49,-96.642
1999,7,8368.26,6055.36,311.04,2444.24,1894.56,244.03,179.707
1999,8,8376.9,6115.24,324.31,2368.84,2003.69,238.44,217.118
1999,9,7611.08,5883.39,298.72,2207.96,1986.13,257.21,-181.56
1999,10,7713.48,5874.52,334.3,2261.4,1983.79,389.09,-88.142
1999,11,7633.34,5934.44,311.81,2118,1915.42,549.73,-107.289
1999,12,8670.98,6127.56,340.37,2185.27,1994.99,893.32,698.529
2000,1,8945.5,6023.28,318.53,2202.71,1885.43,1126.86,1038.043
2000,2,8402.2,5742.82,262.37,2197.32,1858.44,1001.83,724.425
2000,3,8293.29,6284.13,360.5,2358.66,1903.49,749.53,10.993
2000,4,7669.7,5727.98,303.16,2364.97,1793.92,565.1,-120.092
2000,5,8025.76,6023.27,319.38,2401.08,1933.02,368.12,-79.212
2000,6,8002.82,5961.74,316.96,2455.86,1888.67,275.68,-97.827
2000,7,8230.39,5951.47,308.01,2481.72,1876.96,248.35,105.211
2000,8,8542.55,6185.37,377.36,2592.8,1999.09,259.87,141.744
2000,9,7692.32,5771.77,318.83,2440.13,1906.96,277.46,-200.748
2000,10,7760.53,5948.32,368.95,2425.01,1937.36,398.55,-243.858
2000,11,7939.98,5828.95,371.59,2352.36,1841.63,685.91,130.264
2000,12,9198.44,5821.44,336.05,2592.63,1923.96,1199.77,1120.417
2001,1,9229,6109.59,343.02,2684.01,1897.6,1259.61,778.427
2001,2,8072.48,5530.6,281.42,2275.47,1731.93,1011.6,547.824
2001,3,8473.22,6180.12,286.02,2614.86,1875.23,910.14,-35.736
2001,4,7638.08,5791.09,310.31,2596.39,1811.59,568.74,-439.099
2001,5,7629.03,6063.59,352.24,2653.39,1793.73,342.47,-735.707
2001,6,7652.56,5977.75,299.52,2431.72,1722.9,269.27,-457.387
2001,7,8144.37,5988,275.28,2580.34,1789.05,250.35,-148.702
2001,8,8303.25,6203.55,334.29,2533.41,1857.93,243.05,-99.427
2001,9,7400.55,5806.79,287.77,2452.07,1764.81,249.28,-570.544
2001,10,7717.42,6138.28,310.51,2453.1,1907.25,390.69,-563.444
2001,11,7543.83,5922.88,325.16,2400.78,1800.57,535.36,-454.665
2001,12,8259.88,5963.05,325.56,2376.64,1773.07,834.96,245.759
2002,1,8792.68,6257.65,287.62,2407.27,1882.38,1058.76,415.375
2002,2,7856.61,5580.88,284.62,2143.06,1683.76,922.88,417.291
2002,3,8359.26,5923.22,262.91,2421.08,1824.03,866.6,277.871
2002,4,7758.5,5794.79,288.51,2427.62,1795.55,564.22,-175.403
2002,5,7800.42,6033.16,290.08,2503.65,1824.23,393.37,-446.312
2002,6,7890.04,5834.21,304.09,2435.69,1780.44,276.37,-75.766
2002,7,8425.77,5973.65,266.2,2521.56,1869.06,242.49,196.755
2002,8,8344.95,6026.87,338.64,2581.76,1859.16,234.99,74.954
2002,9,7660.31,5726.04,296.35,2343.44,1780.67,245.09,-112.825
2002,10,7801.55,5807.06,328.26,2559.28,1831.34,411.37,-236.516
2002,11,8013.08,5712.62,308.16,2542.73,1815.85,672.81,65.89
2002,12,8832.15,5982.82,352.81,2443.41,1780.41,1019.29,758.735
2003,1,9233.31,6001.25,373.35,2419.51,1848.59,1236.89,1185.899
2003,2,8431.29,5404.34,294.87,2170.24,1755.49,1129.4,1151.579
2003,3,8382.89,5919.49,308.32,2575.17,1787.96,892.67,196.546
2003,4,7668.23,5762.65,327.03,2605.58,1757.14,583.48,-372.977
2003,5,7663.9,5938.25,351.41,2739.83,1732.63,392.5,-662.77
2003,6,7642.5,5820.22,346.52,2653.11,1693.37,283,-484.298
2003,7,8272.41,5891.46,335.84,2741.51,1823.16,252.31,-24.724
2003,8,8391.31,5935.41,331.19,2721.13,1823.79,239.31,65.952
2003,9,7605.77,5753.88,320.76,2656.17,1774,266.27,-483.519
2003,10,7781.21,5896.79,345.3,2659.11,1832.12,392.24,-429.388
2003,11,7835.6,5579.07,335.86,2448.82,1764.1,588.26,143.571
2003,12,8926.27,5981.78,342.69,2616.77,1876.14,978.1,670.417
2004,1,9350.29,6020.8,293.79,2620.41,1866.15,1239.83,1002.868
2004,2,8733.8,5568.06,305.19,2557.76,1826.49,1094.98,913.169
2004,3,8430.95,5985.23,381.4,2838.3,1876.71,790.76,-11.179
2004,4,7793.65,5741.28,403.01,2685.34,1827.8,544.87,-229.953
2004,5,7966.29,5809.62,383.47,2871.3,1851.94,347.17,-331.169
2004,6,7982.26,5901.41,382.84,2827.37,1828.36,271.16,-363.682
2004,7,8406.31,5993.6,364.96,2935.24,1874.4,249.19,-157.571
2004,8,8354.26,5985.25,368.17,2939.56,1903.19,249.4,-202.38
2004,9,7830.36,5685.23,355.97,2661.26,1829.42,250.25,-160.154
2004,10,7947.52,5747.84,343.46,2868.72,1893.1,370.65,-325.574
2004,11,8050.39,5699.11,343.31,2807.69,1853.69,589.7,-113.091
2004,12,9156.17,6031.91,425.79,2879.32,1908,989.63,670.729
2005,1,9287.41,5969.42,359.45,2844.69,1878.45,1150.25,832.745
2005,2,8283.69,5520.61,367.52,2696.85,1738.35,977.2,433.747
2005,3,8726.25,6131.41,405.87,2896.88,1894.26,893.42,103.84
2005,4,7714.7,5754.44,393.13,2777.68,1736.51,541.65,-424.29
2005,5,7938.99,5906.14,432.84,2957.28,1800.91,392.37,-491.583
2005,6,8172.04,5925.54,451.14,2911.08,1802.77,283.47,-213.434
2005,7,8580.71,5925.58,386.3,3008.04,1759.42,250.21,33.392
2005,8,8687.78,5982.73,389.83,2945.55,1833.78,245.03,149.334
2005,9,7789.25,5390.32,302.73,2743.65,1649.27,243.43,-41.987
2005,10,7782.68,5473.99,306.16,3005.8,1701.97,354.23,-390.948
2005,11,7939.52,5592.56,294.86,2905.75,1739.71,560.28,-263.934
2005,12,9198.36,5804.01,372.05,2966.01,1807.01,1011.26,800.39
2006,1,8815.16,6034.96,350.34,2950.48,1826.92,920.66,180.052
2006,2,8190.39,5414.11,328.77,2630.3,1661.86,913.85,474.756
2006,3,8584.24,5987.91,372.63,2796.82,1817.88,823.4,172.147
2006,4,7709.12,5742.21,370.22,2784.95,1695.81,497.26,-447.816
2006,5,7956.16,6029.18,423.22,3034.54,1774.39,328.76,-684.335
2006,6,8146.01,5970.95,407.41,2933.69,1783.73,248.3,-351.217
2006,7,8632.08,5997.6,390.46,3015.39,1751.14,221.71,9.555
2006,8,8731.22,6067.08,407.95,3149.64,1864.6,215.4,-77.553
2006,9,7785.71,5752.81,446.17,2986.63,1807.22,236.52,-507.564
2006,10,8019.63,5870.35,422.44,2861.08,1852.4,373.74,-289.351
2006,11,8028.29,5787.73,423.9,2711.03,1811.04,563.14,-46.576
2006,12,8793.26,6022.43,383.83,2794.25,1807.8,812.89,360.415
2007,1,9217.75,6134.69,434.68,2981.63,1857.01,1022.34,536.106
2007,2,8750.79,5473.06,339.71,2461.84,1740.46,1122.79,1155.593
2007,3,8555.09,6038.69,410.74,3044.35,1802.23,810.24,-117.21
2007,4,7915.91,5759.35,407.77,2912.46,1743.65,549.35,-348.121
2007,5,8013.51,6087.62,438.59,3054.55,1791.42,323.62,-690.071
2007,6,8090.31,5945.82,414.78,2870.87,1723.82,239.17,-311.6
2007,7,8483.21,6005.92,490.08,3029.22,1747.62,219.07,-61.847
2007,8,8812.4,6136.69,465.62,3033.34,1788.02,220.83,107.996
2007,9,7933.63,5773.6,427.38,2877.05,1740.55,227.76,-289.631
2007,10,7964.48,5979.56,430.6,2806.8,1787.21,306.02,-391.278
2007,11,8074.13,5927.4,549.22,2763.99,1749.66,584.36,-68.042
2007,12,9081.76,6075.29,528.65,2842.45,1811.85,964.94,692.675
2008,1,9410.22,6196.42,530.65,2948.05,1892.94,1145.21,796.405
2008,2,8649.69,5819.77,523.46,2602.6,1745.84,1059.69,750.785
2008,3,8584.24,6163.45,600.7,2759,1779.43,864.27,262.49
2008,4,7832,5997.73,586.21,2775.94,1708.42,543.57,-355.466
2008,5,7889.76,6214.13,615.49,2742.53,1735.12,358.02,-451.421
2008,6,8036.55,6069.53,617.23,2766.68,1677.26,258.11,-182.431
2008,7,8411.82,6398,600.39,2816.67,1715.34,230.16,-202.458
2008,8,8211.73,6296.12,579.17,2838.86,1681.79,219.44,-344.082
2008,9,7348.74,5638.86,515.31,2446.44,1510.44,229.99,-221.251
2008,10,7779.77,6100.07,585.06,2826.74,1771.72,358.25,-561.986
2008,11,7805.05,5952.47,586.39,2690.39,1642.96,607.27,-251.408
2008,12,8793.52,6297.72,609.13,2756.46,1592.96,1016.78,348.46
2009,1,9126.29,6296.15,594.79,2827.83,1649.67,1193.63,597.091
2009,2,7866.52,5718,502.2,2377.44,1500.83,958,273.279
2009,3,8045.43,6239.91,554.86,2664.29,1567.43,790.96,-303.906
2009,4,7334.31,5926.73,503.11,2485.88,1466.35,540.24,-575.192
2009,5,7280.13,6076.21,532.9,2435.55,1481.3,319.56,-698.731
2009,6,7530.48,6074.15,562.05,2456.69,1501.43,245.75,-438.312
2009,7,7807.5,6205.38,615.76,2550.36,1527.43,226.49,-332.476
2009,8,7955.07,6178.13,592.08,2445.57,1576.4,221.24,-76.557
2009,9,7263.59,5904.7,595.72,2453.53,1558.98,235.91,-498.925
2009,10,7463.26,5991.57,643.76,2325.74,1602.1,391.53,-210.295
2009,11,7437.88,5852.84,597.67,2315.79,1585.52,525.3,-133.078
2009,12,8830.93,6127.09,625.3,2351.67,1652.07,990.18,977.481
2010,1,9121.93,6158.51,585.99,2514.87,1688.45,1173.86,1034.547
2010,2,8200.72,5737.33,551.75,2236.02,1594.31,1013.92,779.115
2010,3,8189.36,6379.29,649.69,2518.27,1760.35,751.93,-58.512
2010,4,7361.5,6051.2,681.03,2578.93,1651.76,442.45,-587.608
2010,5,7665.73,6206.2,698.95,2577.52,1655.63,320.74,-419.052
2010,6,7997.9,6196.44,679.21,2555.15,1664.7,251.12,-74.475
2010,7,8366.06,6336.49,710.8,2704.4,1675.94,220.75,35.962
2010,8,8430.51,6401.56,692.79,2626.11,1762.48,211.88,95.633
2010,9,7682.09,6278.25,670.07,2430.5,1721.18,219.8,-356.587
2010,10,7489.57,6334.77,709.12,2389.3,1676.48,336.53,-525.382
2010,11,7785.97,6254.23,754.71,2288.17,1680.49,614.54,-1.725
2010,12,9220.38,6571.94,791.94,2446.53,1796.81,1084.53,993.85
2011,1,9286.56,6494.69,833.67,2645.13,1806.2,1191.84,980.394
2011,2,8096.62,5894.35,753.17,2117.78,1598.1,964.49,837.651
2011,3,8324.75,6674.79,872.97,2530.83,1790.26,766.32,-7.902
2011,4,7485.91,6302.05,870.43,2403.86,1640.97,468.21,-349.574
2011,5,7568.81,6437.99,840.13,2490.01,1666.64,310.85,-519.063
2011,6,7879.55,6433.98,811.53,2408.99,1655.8,236.83,-151.886
2011,7,8370.64,6500.34,846.63,2495.44,1669.2,216.27,221.49
2011,8,8394.55,6706.97,872.19,2396.65,1765.62,224.41,163.114
2011,9,7551.65,6439.81,884.39,2286.94,1687.54,238.51,-290.707
2011,10,7565.36,6681.98,883.31,2345.89,1736.84,363.63,-579.19
2011,11,7775.26,6657.88,886.75,2266.04,1755.03,595.31,-261.912
2011,12,8568.41,6878.95,1017.56,2360.43,1734.99,897.63,346.585
2012,1,8665.99,6938.3,851.58,2359.73,1818.14,989.64,219.55
2012,2,7954.12,6338.07,823.6,2141.5,1711.97,830.09,298.156
2012,3,7662.98,6654.51,953.32,2295.46,1722.42,543.9,-333.664
2012,4,7204.8,6276.5,979.32,2210.59,1647.12,395.88,-302.974
2012,5,7599.49,6601.7,991.62,2391.59,1716.51,267.95,-402.184
2012,6,7723.45,6455.47,977.28,2370.46,1684.75,220.47,-125.204
2012,7,8285.02,6752.07,964.29,2352.84,1707.97,203.15,144.404
2012,8,8219.99,6797.17,932.24,2359.82,1760.03,209.7,-4.757
2012,9,7358.43,6442.53,898.55,2198.32,1666.49,215.58,-383.864
2012,10,7563.88,6684.44,936.5,2175.9,1792.13,351.68,-359.968
2012,11,7757.49,6546.42,923.77,2118.82,1758.94,623.39,16.022
2012,12,8384.22,6761.91,1035.29,2093.13,1796.56,833.59,564.478
2013,1,8972.18,6844.28,885.25,2163.81,1854.17,1100.62,849.347
2013,2,8007.46,6228.36,853.62,1804.2,1666.84,955.94,828.517
2013,3,8373.34,6812.18,1020.15,2026.2,1747.83,861.39,555.115
2013,4,7513.72,6616.22,904.99,2055.32,1686.16,518.29,-252.832
2013,5,7604.7,6920.83,994.82,2137.39,1756.67,312.58,-458.708
2013,6,7715.26,6744.4,958.09,2040,1705.62,226.97,-111.055
2013,7,8262.8,7064.11,1013.64,2168.37,1790.1,211.73,43.958
2013,8,8161.6,7121.17,1016.86,2157.73,1769.05,214.55,-100.449
2013,9,7629.75,6801.89,955.02,2064.74,1788.27,228.18,-281.856
2013,10,7706.94,6885.49,1062.51,2016.37,1851.28,342.05,-132.405
2013,11,8119.87,6845.35,983.44,1923.92,1859.7,674.11,334.034
2013,12,9062.84,6981.78,1139.16,2064.52,1907.51,1043.57,1155.713
2014,1,9586.48,7176.1,999.61,2058.38,1914.78,1272.04,1351.614
2014,2,8423.46,6475.83,923.23,1798.33,1692.86,1068.47,1072.53
2014,3,8517.48,7298.1,1087.87,1976.81,1759.33,903.99,330.43
2014,4,7551.89,7136.8,971.59,1949.04,1747.61,492.68,-562.363
2014,5,7643.87,7361.91,1013.29,1979.26,1733.54,334.69,-683.998
2014,6,7772.39,7230.6,1014.3,1829.11,1702.59,240.15,-273.018
2014,7,8223.28,7550.42,1060.9,1995.01,1792.57,224.26,-261.249
2014,8,8198.86,7562.95,1060.63,1972.18,1799.75,216.57,-275.642
2014,9,7638,7297.76,965.96,1888.96,1785.99,247.35,-582.765
2014,10,7755.15,7523.12,1008.6,1899.39,1847.38,356.32,-658.763
2014,11,8192.79,7371.35,1024.12,1878.98,1812.02,728.22,-33.42
2014,12,8793.28,7774.73,1139.67,2015.55,1875.13,923.05,142.671
2015,1,9294.5,7714.26,1102.8,2075.3,1907.19,1177.96,607.738
2015,2,8607.23,6875.22,1005.7,1839.73,1726.4,1124.65,897.979
2015,3,8429.97,7593.95,1035.11,2078.92,1815.23,820.84,-207.793
2015,4,7464.73,7331.75,1105.45,1921.58,1740.96,452.69,-683.148
2015,5,7642.06,7368.84,1110.18,2000.19,1786.35,298.91,-616.785
2015,6,7895.19,7123.56,1032.34,1962.59,1780.54,219.5,-158.616
2015,7,8425.84,7539.28,1095.11,2031.95,1845.07,207.4,-50.283
2015,8,8308.94,7650.22,1053.59,2081.93,1830.17,207.34,-369.63
2015,9,7682.86,7325.54,1076.21,1925.43,1731.99,210.08,-491.893
2015,10,7612.68,7369.97,1069.63,1901.35,1744.25,359.48,-589.014
2015,11,7672.43,7117.31,1060.17,1898.71,1708.57,587.96,-283.414
2015,12,8367.73,7283.74,1155.87,2076,1811.42,798.93,163.863
2016,1,9054.38,7232.94,1099,2103.2,1880.77,1091.21,817.237
2016,2,8224.63,6812.1,1037.64,2026.81,1806.97,874.47,423.357
2016,3,7982.82,7137.94,1167.18,2135.12,1831.99,609.86,-123.058
2016,4,7445.81,6727.72,1122.73,2026.28,1711.37,462.51,-185.456
2016,5,7576.36,6995.05,1242.53,2165.41,1732.5,312.79,-341.573
2016,6,7928.65,6897.7,1190.17,2070.74,1722.09,219.23,150.384
2016,7,8459.73,7137.98,1130.69,2253.79,1766.37,205.11,198.654
2016,8,8530.15,7196.66,1186.21,2211.39,1856.75,192.33,308.322
2016,9,7744.05,6856.6,1184.22,2097.86,1755.48,211.28,-26.197
2016,10,7648.67,7110.89,1124.29,2058.27,1814.92,314.69,-396.198
2016,11,7711.82,7032.51,1262.83,2105.28,1791.72,526.48,-163.139
2016,12,9074.26,7202.94,1371.73,2123.96,1897.87,1010.65,1119.096
2017,1,8975.71,7299.01,1380.43,2314.68,1888.02,1040.96,742.452
2017,2,7621.17,6746.04,1389.05,1959.25,1673.34,743.25,304.921
2017,3,8430.38,7400.07,1470.17,2194.99,1878.17,749.89,305.492
2017,4,7452.59,7018.32,1421.18,2111.71,1769.35,408.72,-256.264
2017,5,7793.16,7337.44,1452.96,2263.76,1815.92,313.79,-355.074
2017,6,7958.66,7306,1434.4,2117.26,1796.77,229.95,-30.199
2017,7,8421.86,7414.65,1458.49,2129.01,1848.45,202.97,336.697
2017,8,8292.36,7516.46,1393.33,2153.42,1840.2,204.81,15.812
2017,9,7617.95,7230.29,1477.95,1993.26,1769.92,215.28,-127.641
2017,10,7808.37,7580.65,1683.26,2064.72,1847.14,324.95,-153.751
2017,11,8097.03,7544.16,1657.56,2023.43,1901.83,628.23,186.998
2017,12,9187.35,7737.65,1726.82,2132.35,1943.65,1035.71,1044.162
2018,1,9664.3,7746.07,1572.45,2227.52,2000.64,1248.44,1263.15
2018,2,8063.53,7208.5,1524.59,1860.68,1770.22,886.62,518.937
2018,3,8705.32,7980.85,1742.41,2114.33,1968.5,856.11,352.546
2018,4,7886.11,7603.1,1791.85,2125.12,1813.53,610.98,-50.257
2018,5,7986.15,7967.11,1774.73,2142.16,1883.03,293.2,-348.381
2018,6,8142.89,7866.95,1762.19,2176.34,1849.47,229.12,-138.216
2018,7,8610.07,8113.26,1863.19,2161.45,1910.52,215.11,198.555
2018,8,8689.6,8403.34,1737.06,2191.52,1989.62,205.19,-168.194
2018,9,7863.38,7988.62,1723.36,1998.8,1858.31,221.4,-400.679
2018,10,8085.77,8265.33,1893.63,1981.98,1982.12,410.42,-267.908
2018,11,8515.06,8181.26,1883.56,1895.83,1925.85,800.21,321.536
2018,12,9028.03,8478.21,1954.64,1957.56,1933.85,1006.24,546.895
2019,1,9547.8,8531.33,1910.22,2121.9,2058.68,1215.19,804.778
2019,2,8391.76,7687.61,1724.71,1700.24,1777.26,1034.98,728.623
2019,3,8707.93,8343.29,1912.07,1924.65,1925.72,906.21,352.057
2019,4,7676.29,8326.41,1892.92,1924.81,1842.85,485.58,-682.003
2019,5,7952.51,8651.73,1953.8,2045.87,1902.2,351.35,-791.293
2019,6,7918.25,8335.03,1940.03,1889.38,1831.9,248.78,-366.129
2019,7,8563.21,8537.51,1888.85,2020.57,1908.09,230.79,-106.026
2019,8,8566.33,8765.61,1969.31,1975.28,1947,230.82,-205.246
2019,9,7867.33,8425.06,1976.91,1789.24,1870.57,223.32,-370.065
2019,10,7942.21,8651.78,2087.74,1816.11,1957.67,376.57,-437.941
2019,11,8396.08,8467.75,2028.61,1688.43,1951.82,797.54,268.519
2019,12,8948.23,8763.2,2190.41,1968.76,1995.55,988.94,406.68
2020,1,8966.85,8772.03,2175.21,1871.49,2013.47,1035.09,498.533
2020,2,8360.39,8123.96,2088.79,1727.19,1888.42,926.93,598.038
2020,3,7876.85,8485.73,2236.07,1782.15,1941.48,697.7,-154.961
2020,4,6508.52,7775.46,1879.79,1507.49,1616.77,530.01,-894.627
2020,5,6821.54,7480.06,1693.72,1651.25,1684.98,375.94,-616.059
2020,6,7268.46,7622.97,1658.98,1704.52,1686.46,244.44,-400.042
2020,7,8059.71,8014.05,1874.13,1691.69,1800.22,217.92,228.105
2020,8,8006.08,7968.96,1877.79,1612.73,1845.96,205.96,302.183
2020,9,7293.29,7701.64,1852.77,1544.96,1785.22,233.62,-100.543
2020,10,7469.1,7755.09,1975.29,1578.49,1886.1,371.04,110.822
2020,11,7575.02,7852.2,1956.91,1596.21,1904.86,591.15,83.525
2020,12,8705.94,8100.2,2194.46,1719.9,2006.33,1001.34,1080.312
2021,1,8928.91,8243.74,2082.93,1771.53,2021.56,1120.6,996.566
2021,2,8139.57,6850.26,1666.9,1565.74,1608.73,1102.87,1390.471
2021,3,8109.95,8360.4,2067.11,1788.11,1893.81,764.85,28.549
2021,4,7516.39,8010.49,2104.47,1702.77,1889.51,493.39,-92.394
2021,5,7721.36,8396.55,2131.19,1799.13,1921.45,350.98,-343.123
2021,6,8040.75,8161.98,2204.43,1890.42,1879.56,242.51,192.786
2021,7,8407.85,8355.77,2085.38,1877.72,1902.92,218.29,259.73
2021,8,8518.78,8411.12,2183.27,1845.78,1952.38,207.04,445.152
2021,9,7714.91,8057.6,1925,1829,1868.88,228.07,-246.694
2021,10,7763.65,8375.29,2062.9,1751.84,1948.29,325.04,-300.581
2021,11,8135.17,8337.09,2171.55,1774.26,1931.11,651.16,195.378
2021,12,8742.94,8670.05,2386.34,1859.1,2010.91,868.61,600.126
2022,1,9497.34,8557.09,2181.24,1836.86,2061.09,1207.81,1284.631
2022,2,8450.59,7762.69,2054.58,1685.05,1848.61,1025.21,1057.432
2022,3,8533.38,8704.28,2375.69,1849.29,1995.15,791.21,355.506
2022,4,7736.78,8322.99,2276.13,1745.59,1882.88,552.53,-55.663
2022,5,7925.64,8740.73,2330.16,1792.9,1875.52,341.58,-277.839
2022,6,8145.03,8568.14,2311.96,1802.65,1895.37,248.2,86.202
2022,7,8572.37,8775.52,2289.2,1908.77,1969.58,228.15,177.285
2022,8,8518.83,8813.29,2345.37,1822.91,1966.07,216.28,228.006
2022,9,7772.71,8562.48,2226,1702.81,1902.07,235.76,-266.567
2022,10,7800.77,8758.59,2326.41,1768.39,1963.45,392.47,-399.801
2022,11,8273.91,8625.49,2301.05,1762.66,1959.54,692.29,186.813
2022,12,9066.26,8668.38,2427.22,1796.74,1863.06,1062.51,1028.36
